RSID,Gene,CSV_Value,JSON_Expected,Is_Ambiguous,Issue
rs2236225,MTHFD1,AG,"['CC', 'CT', 'TC', 'TT']",False,STRAND_MISMATCH
rs662,PON1,CT,"['AA', 'AG', 'GA', 'GG']",False,STRAND_MISMATCH
rs1800566,NQO1,GG,"['CC', 'CT', 'TC', 'TT']",False,STRAND_MISMATCH
rs5082,APOA2,AA,"['TT', 'TC', 'CT', 'CC']",False,STRAND_MISMATCH
rs693,APOB,AG,"['CC', 'CT', 'TC', 'TT']",False,STRAND_MISMATCH
rs6232,PCSK1,TT,"['AA', 'AG', 'GA', 'GG']",False,STRAND_MISMATCH
rs7754840,CDKAL1,CG,"['CC', 'CT', 'TC', 'TT']",False,STRAND_MISMATCH
rs4880,SOD2,AA,"['TT', 'TC', 'CT', 'CC']",False,STRAND_MISMATCH
rs1050450,GPX1,AG,"['CC', 'CT', 'TC', 'TT']",False,STRAND_MISMATCH
rs6265,BDNF,CT,"['GG', 'GA', 'AG', 'AA']",False,STRAND_MISMATCH
rs1800497,ANKK1 (Taq1A),GG,"['CC', 'CT', 'TC', 'TT']",False,STRAND_MISMATCH
rs17602729,AMPD1,GG,"['CC', 'CT', 'TC', 'TT']",False,STRAND_MISMATCH
rs1801260,CLOCK,GG,"['TT', 'TC', 'CT', 'CC']",False,STRAND_MISMATCH
rs2476601,PTPN22,GG,"['CC', 'CT', 'TC', 'TT']",False,STRAND_MISMATCH
rs3024493,IL10,AC,"['GG', 'GA', 'AG', 'AA']",False,STRAND_MISMATCH
rs699,AGT,AA,"['TT', 'TC', 'CT', 'CC']",False,STRAND_MISMATCH
rs1048943,CYP1A1,TT,"['AA', 'AG', 'GA', 'GG']",False,STRAND_MISMATCH
rs2740574,CYP3A4,TT,"['AA', 'AG', 'GA', 'GG']",False,STRAND_MISMATCH
rs3813034,SLC6A4,AA,"['CC', 'CT', 'TC', 'TT']",False,STRAND_MISMATCH
rs3733890,BHMT,AG,"['CC', 'CT', 'TC', 'TT']",False,STRAND_MISMATCH
rs1979277,SHMT1,GG,"['CC', 'CT', 'TC', 'TT']",False,STRAND_MISMATCH
rs16944,IL1B (Promoter),GG,"['CC', 'CT', 'TC', 'TT']",False,STRAND_MISMATCH
rs1544410,VDR (BsmI),CT,"['GG', 'GA', 'AG', 'AA']",False,STRAND_MISMATCH
rs25487,XRCC1,CC,"['GG', 'GA', 'AG', 'AA']",False,STRAND_MISMATCH
rs13181,ERCC2,GT,"['CC', 'CT', 'TC', 'TT']",False,STRAND_MISMATCH
rs11615,ERCC1,AG,"['CC', 'CT', 'TC', 'TT']",False,STRAND_MISMATCH
rs1799950,BRCA1,TT,"['GG', 'GA', 'AG', 'AA']",False,STRAND_MISMATCH
rs4988235,LCT,GG,"['CC', 'CT', 'TC', 'TT']",False,STRAND_MISMATCH
rs2052129,HDC,GG,"['CC', 'CT', 'TC', 'TT']",False,STRAND_MISMATCH
rs2241880,NOD2,GG,"['CC', 'CT', 'TC', 'TT']",False,STRAND_MISMATCH
rs660339,UCP2,GG,"['CC', 'CT', 'TC', 'TT']",False,STRAND_MISMATCH
rs1042173,SLC6A4,AA,"['CC', 'CT', 'TC', 'TT']",False,STRAND_MISMATCH
rs4994,ADRB3,AA,"['CC', 'CT', 'TC', 'TT']",False,STRAND_MISMATCH
rs6166,FSHR,CT,"['AA', 'AG', 'GA', 'GG']",False,STRAND_MISMATCH
rs1800012,COL1A1,AC,"['GG', 'GT', 'TG', 'TT']",False,STRAND_MISMATCH
rs679620,MMP3,TT,"['AA', 'AG', 'GA', 'GG']",False,STRAND_MISMATCH
rs143383,GDF5,AG,"['CC', 'CT', 'TC', 'TT']",False,STRAND_MISMATCH
rs479744,PLOD1,GT,"['CC', 'CT', 'TC', 'TT']",False,STRAND_MISMATCH
rs13278062,SIRT1,GT,"['CC', 'CT', 'TC', 'TT']",False,STRAND_MISMATCH
rs17609940,IGF1R,GG,"['CC', 'CT', 'TC', 'TT']",False,STRAND_MISMATCH
rs2535633,ELOVL2,CG,"['CC', 'CT', 'TC', 'TT']",False,STRAND_MISMATCH
rs1254337,GLUT9 (SLC2A9),AT,"['AA', 'AG', 'GA', 'GG']",False,STRAND_MISMATCH
rs4074995,MYH7,GG,"['CC', 'CT', 'TC', 'TT']",False,STRAND_MISMATCH
rs1805086,MYF5,TT,"['AA', 'AG', 'GA', 'GG']",False,STRAND_MISMATCH
rs324981,NPSR1,AT,"['CC', 'CT', 'TC', 'TT']",False,STRAND_MISMATCH
rs10993994,MSRA,CT,"['AA', 'AG', 'GA', 'GG']",False,STRAND_MISMATCH
rs6020,F2,CC,"['GG', 'GA', 'AG', 'AA']",False,STRAND_MISMATCH
rs1333049,CDKN2A/B,CG,"['TT', 'TC', 'CT', 'CC']",False,STRAND_MISMATCH
rs1256335,ALPL,AA,"['TT', 'TC', 'CT', 'CC']",False,STRAND_MISMATCH
rs1045642,ABCB1 (MDR1),AA,"['CC', 'CT', 'TC', 'TT']",False,STRAND_MISMATCH
rs73598374,ADA,CC,"['GG', 'GA', 'AG', 'AA']",False,STRAND_MISMATCH
rs1800407,OCA2,CC,"['GG', 'GA', 'AG', 'AA']",False,STRAND_MISMATCH
rs1803274,BCHE,CT,"['AA', 'AG', 'GA', 'GG']",False,STRAND_MISMATCH
rs1051266,SLC19A1,CT,"['AA', 'AG', 'GA', 'GG']",False,STRAND_MISMATCH
rs4588,GC,GG,"['CC', 'CA', 'AC', 'AA']",False,STRAND_MISMATCH
rs2569190,CD14,AG,"['CC', 'CT', 'TC', 'TT']",False,STRAND_MISMATCH
rs1799998,CYP11B2,AA,"['TT', 'TC', 'CT', 'CC']",False,STRAND_MISMATCH
rs6275,DRD2,AG,"['CC', 'CT', 'TC', 'TT']",False,STRAND_MISMATCH
rs1800440,CYP1B1,TT,"['AA', 'AG', 'GA', 'GG']",False,STRAND_MISMATCH
rs894160,PLIN1,CC,"['AA', 'AG', 'GA', 'GG']",False,STRAND_MISMATCH
