RSID,Gene,Trait,CSV_Value,JSON_Options,Issue_Type
rs328,LPL,Post-meal triglyceride clearance,CC,"['CC', 'CG', 'GC', 'GG']",AMBIGUOUS_VERIFY (Ambiguous SNP found - manual strand check recommended)
rs9939609,FTO,Appetite regulation,AT,"['TT', 'AT', 'TA', 'AA']",AMBIGUOUS_VERIFY (Ambiguous SNP found - manual strand check recommended)
rs7754840,CDKAL1,Insulin release strength,CG,"['CC', 'CT', 'TC', 'TT']",LETTER_MISMATCH (CSV bases not in JSON)
rs10830963,MTNR1B,Fasting glucose tendency,CG,"['CC', 'CG', 'GC', 'GG']",AMBIGUOUS_VERIFY (Ambiguous SNP found - manual strand check recommended)
rs1801198,TCN2,B12 transport in blood,CG,"['CC', 'CG', 'GC', 'GG']",AMBIGUOUS_VERIFY (Ambiguous SNP found - manual strand check recommended)
rs1799945,HFE,Iron absorption regulation,CC,"['CC', 'CG', 'GC', 'GG']",AMBIGUOUS_VERIFY (Ambiguous SNP found - manual strand check recommended)
rs1042714,ADRB2,Beta-2 receptor downregulation (Gln27Glu),CG,"['CC', 'CG', 'GC', 'GG']",AMBIGUOUS_VERIFY (Ambiguous SNP found - manual strand check recommended)
rs2010963,VEGFA (Secretion),Blood vessel growth (angiogenesis),CG,"['CC', 'CG', 'GC', 'GG']",AMBIGUOUS_VERIFY (Ambiguous SNP found - manual strand check recommended)
rs1800795,IL6 (Promoter),Inflammatory reactivity (CRP levels),GG,"['GG', 'GC', 'CG', 'CC']",AMBIGUOUS_VERIFY (Ambiguous SNP found - manual strand check recommended)
rs3024493,IL10,Anti-inflammatory signaling,AC,"['GG', 'GA', 'AG', 'AA']",LETTER_MISMATCH (CSV bases not in JSON)
rs1056836,CYP1B1,Hormone & toxin hydroxylation,CG,"['CC', 'CG', 'GC', 'GG']",AMBIGUOUS_VERIFY (Ambiguous SNP found - manual strand check recommended)
rs1801282,PPARG,Insulin sensitivity & fat storage pattern,CC,"['CC', 'CG', 'GC', 'GG']",AMBIGUOUS_VERIFY (Ambiguous SNP found - manual strand check recommended)
rs6295,HTR1A,5-HT1A autoreceptor sensitivity,GG,"['CC', 'CG', 'GC', 'GG']",AMBIGUOUS_VERIFY (Ambiguous SNP found - manual strand check recommended)
rs13181,ERCC2,Nucleotide excision repair,GT,"['CC', 'CT', 'TC', 'TT']",LETTER_MISMATCH (CSV bases not in JSON)
rs1042522,TP53,p53 damage response efficiency,CG,"['GG', 'GC', 'CG', 'CC']",AMBIGUOUS_VERIFY (Ambiguous SNP found - manual strand check recommended)
rs2293275,LHCGR,LH receptor sensitivity,TT,"['CC', 'CG', 'GC', 'GG']",LETTER_MISMATCH (CSV bases not in JSON)
rs479744,PLOD1,Collagen cross-link enzyme activity,GT,"['CC', 'CT', 'TC', 'TT']",LETTER_MISMATCH (CSV bases not in JSON)
rs738409,PNPLA3,Liver fat accumulation (NAFLD risk),CC,"['CC', 'CG', 'GC', 'GG']",AMBIGUOUS_VERIFY (Ambiguous SNP found - manual strand check recommended)
rs13278062,SIRT1,Cellular repair efficiency (SIRT1 expression),GT,"['CC', 'CT', 'TC', 'TT']",LETTER_MISMATCH (CSV bases not in JSON)
rs2535633,ELOVL2,Epigenetic aging rate,CG,"['CC', 'CT', 'TC', 'TT']",LETTER_MISMATCH (CSV bases not in JSON)
rs1254337,GLUT9 (SLC2A9),Uric acid transport (metabolic inflammation),AT,"['AA', 'AG', 'GA', 'GG']",LETTER_MISMATCH (CSV bases not in JSON)
rs4253778,PPARA,Fat metabolism in endurance,GG,"['CC', 'CG', 'GC', 'GG']",AMBIGUOUS_VERIFY (Ambiguous SNP found - manual strand check recommended)
rs713598,TAS2R38,Bitter taste perception,CG,"['CC', 'CG', 'GC', 'GG']",AMBIGUOUS_VERIFY (Ambiguous SNP found - manual strand check recommended)
rs324981,NPSR1,Natural Short Sleeper,AT,"['CC', 'CT', 'TC', 'TT']",LETTER_MISMATCH (CSV bases not in JSON)
rs1801253,ADRB1,Exercise Heart Rate Response,CC,"['CC', 'CG', 'GC', 'GG']",AMBIGUOUS_VERIFY (Ambiguous SNP found - manual strand check recommended)
rs1333049,CDKN2A/B,Coronary Artery Disease Risk (9p21 locus),CG,"['TT', 'TC', 'CT', 'CC']",LETTER_MISMATCH (CSV bases not in JSON)
rs1801272,CYP2A6,Nicotine Metabolism Speed,AA,"['AA', 'AT', 'TA', 'TT']",AMBIGUOUS_VERIFY (Ambiguous SNP found - manual strand check recommended)
rs3813867,CYP2E1,Toxin & Solvent Metabolism,GG,"['GG', 'GC', 'CG', 'CC']",AMBIGUOUS_VERIFY (Ambiguous SNP found - manual strand check recommended)
